tool,oracle,level,processing_time_avg,processing_time_median,tp,fp,fn,precision,recall
tracker,training,change,3763.580913,2588,5035,29,33,99.427330,99.348856
tracker,training,commit,3763.580913,2588,4685,23,0,99.511470,100.000000
tracker,test,change,4013.120253,2043,1021,8,5,99.222546,99.512671
tracker,test,commit,4013.120253,2043,947,7,0,99.266247,100.000000
