tool,oracle,level,processing_time_avg,processing_time_median,tp,fp,fn,precision,recall
gumtree,training,change,24314.217842,14473,3901,525,1148,88.138274,77.262824
gumtree,training,commit,24314.217842,14473,3838,255,858,93.769851,81.729131
gumtree,test,change,5742.952532,3532,841,138,160,85.903984,84.015984
gumtree,test,commit,5742.952532,3532,849,64,80,92.990142,91.388590
