tool,oracle,level,processing_time_avg,processing_time_median,tp,fp,fn,precision,recall
gumtree,training,change,25975.780083,15322,3928,498,1139,88.748305,77.521216
gumtree,training,commit,25975.780083,15322,3871,222,841,94.576106,82.151952
gumtree,test,change,6081.879747,3685,865,114,161,88.355465,84.307992
gumtree,test,commit,6081.879747,3685,862,51,89,94.414020,90.641430
